영어,표시발음,추가 허용 발음
90's love,나인티스러브,나인티스 러브
a,어,
ah,아,
alive,얼라이브,
All,올,
alone,얼론,얼런
and,앤드,앤
Angel,엔젤,
Are,알,
Avenue,에비뉴,애비뉴
babe,베이베,베베
baby,베이비,
Back,백,
backseat,백시트,백싯
Bad,배드,밷
be,비,
beams,빔즈,빔|빔스
beat,비트,빗
Beautiful,뷰티풀,
best,베스트,
Bite,바이트,
bitter,비터,
Boring,보링,
boss,보스,
bout',바웃,봐웃
break,브레이크,
Bruce,브루스,
by,바이,
bye,바이,
call,콜,
Callin',콜린,컬린
can,캔,
Can't,캔트,
care,케어,케얼|캐어|캐얼
Celebrate,셀러브레이트,
Check,체크,췍
City,시티,씨티
classy,클래시,
Clue,클루,
Come,컴,
cool,쿨,
Copy,카피,
Crash,크래쉬,크래시
CT,시티,씨티
Cuz,커즈,
dance,댄스,
days,데이즈,
delight,딜라이트,
Designer,디자이너,
different,디프런트,
dig,디그,
digits,디지츠,디짙|디지트|디짓
dilemma,딜레마,
Dive,다이브,
do,두,
Don,돈,던
Don't,돈트,던트
down,다운,
Drop,드롭,드랍
droppin',드롭핀,드랍핀
e,이,
ego,에고,이고
emotion,이모션,
Exclusive,익스클루시브,
Eyes,아이즈,
Fast,패스트,페스트
Favorite,페이보릿,
Feed,피드,
Feel,필,
Feelin',필린,
feeling,필링,
find,파인드,퐈인드
Fit,핏,
Flow,플로우,
for,포,
Freeze,프리즈,
game,게임,겜
Gem,젬,
get ,겟,
go,고,
Got,갓,
Ha,하,
half,하프,
Hall,할,홀
Hands,핸즈,
Harmony,하모니,
Hate,헤이트,헤잇
Heartbreaker,하트브레이커,
heaven,헤븐,
here,히얼,히어
High,하이,
Highway,하이웨이,
Home,홈,
Hoo,후,
how,하우,
Hurricane,허리케인,
hurt,헐트,
I,아이,아
I'll,아일,
I'm,아임,암
Iconic,아이코닉,
in,인,
is,이즈,
it,잇,
It's,잇츠,
Jackpot,잭팟,
Jam,잼,
Jasmine,자스민,쟈스민
join,조인,
Keep,킵,
kid,키드,
Know,노,노우
L,엘,
Lay,레이,
Lee,리,
left,레프트,
Lemonade,레모네이드,
Let,렛,
let's,렛츠,
Like,라이크,라잌
longer,롱걸,렁걸
love,러브,럽
Lovin',러빈,
low,로우,
Lucky,럭키,
Made,메이드,
Make,메이크,
man,맨,
Manner,매너,매널
Maximum,맥시멈,
Me,미,
Melody,멜로디,
metal,메탈,
Miles,마일즈,마일스
Million,밀리언,
Miracle,미라클,
misfit,미스핏,
Moment,모멘트,
More,모어,몰
motion,모션,
move,무브,뭅
Moving,무빙,
my,마이,마
Na,나,
nah,나,
need,니드,
needs,니즈,
No,노,
Noise,노이즈,
NonStop,논스톱,논스탑
now,나우,
o,오,
Ocean,오션,
Octagon,옥타곤,
of,오브,
off,오프,
Oh,오,
on,온,언
One,원,
Ooh,오,
paint,페인트,
Pedal,페달,
perfect,퍼펙트,
Phone,폰,
Pick,픽,
Piñata,피나타,
Play,플레이,
player,플레이어,
Plot,플롯,
pop,팝,
pow,파우,
Put,풋,
Radio,라디오,뤠디오
Rain,레인,
Raindrop,레인드롭,
Ready,레디,
records,레코즈,레코드
Rhythm,리듬,
ride,라이드,롸이드
Right,라이트,롸이트|롸잇|라잇
Rip,리프,맆|립
Roadside,로드사이드,
Rock,락,록
Route,루트,
Runnin',러닌,
Satisfied,새티스파이드,
say,세이,쎄이
seat,시트,싯|싵
see,씨,
Seoul,서울,
Seven,세븐,
Shake,쉐이크,쉐잌
She,쉬,
She's,쉬즈,
Shoot,슛,샷
show,쇼,
Showtime,쇼타임,
Siren,사이렌,
Slide,슬라이드,
so,쏘,소
some,썸,섬
Something,썸띵,섬띵
Soul,소울,
Space,스페이스,
Spark,스파크,
start,스타트,
Sticker,스티커,
stop,스탑,스톱
Strike,스트라이크,
strong,스트롱,스트렁
Stunt,스턴트,
style,스타일,
Sugar,슈가,
sun,선,썬
Super,슈퍼,
take,테이크,테잌|테익
Taste,테이스트,
team,팀,
than,댄,
thang,땡,댕
thanks,땡스,
that,댓,
the,더,
there,데얼,데어
time,타임,탐
to,투,
Tonight,투나잇,
top,탑,톱
touch ,터치,
towel,타올,
Turn,턴,
Two,투,
Typing,타이핑,
u,유,
uh,어,
up,업,
v,브이,
Valhalla,발할라,
Vibe,바이브,
view,뷰,
Wake,웨이크,웨잌
Walk,워크,웤
want,원트,원츠
Wave,웨이브,
Waving,웨이빙,
way,웨이,
we,위,
We'll,위일,
week,윜,윅
what's,왓츠,
wish,위시,
with,위드,윗
Woah,워,
Won,원,
wonderful,원더풀,
woo,우,
Would,울드,우드
ya,야,
Yeah,예,
you,유,
You're,유어,유얼
your,유어,유얼
hey,헤이,
when,웬,
hit,히트,힛
floor,플로어,
spot,스팟,
away,어웨이,
pattern,패턴,
uhm,음,
stay,스테이,
just,저스트,
challenger,챌린저,
out,아웃,