문제ID,곡ID,곡명,가수명,가사1,가사2,가사3,사용여부
NCT_0001,U_001,Baggy Jeans,NCT U,태도 대충 거칠고,내가 걷는 City,꽤 넓은 Octagon,Y
NCT_0002,U_001,Baggy Jeans,NCT U,바랄 게 없을 때까지,멈추지를 못해,Yeah I need a break,Y
NCT_0003,U_002,BOSS,NCT U,더 가까워진 건,소리 보다 더 큰 벽,더는 참을 수 없어,Y
NCT_0004,U_002,BOSS,NCT U,내가 손대면 뭐든지,가지게 돼 나의 온기,손끝에 닿는 순간 빠진 느낌 yeah,Y
NCT_0005,U_002,BOSS,NCT U,내가 널 이끄는 boss,내가 널 움직인 player,내가 널 이끄는 boss,Y
NCT_0006,U_002,BOSS,NCT U,내가 널 이끄는 대로 움직여,더 높이 너의 손을 뻗어,난 또 다른 너와 나를 묶지,Y
NCT_0007,U_002,BOSS,NCT U,난 절대적인 너의 boss 네가 원해,가지고 싶다면 가져 내 선택,난 더 너와 내가 시선을 맞추길 바라왔지 man,Y
NCT_0008,U_002,BOSS,NCT U,이젠 눈을 감아 앞에 펼쳐질,나의 세계를 맘껏 들이쉬어,그대로 충분해 넌 아름다워,Y
NCT_0009,U_003,Make A Wish (Birthday Song),NCT U,Me you 우린 여길 떠나려 해,빨리 올라타 마음은 같은 곳에,겨우 그런 고민은 다음번에나 해,Y
NCT_0010,U_003,Make A Wish (Birthday Song),NCT U,자유롭게 Come join me,수면 위로 꿈을 펼쳐 보이지,시작됐어 영화 같은 스토리,Y
NCT_0011,U_004,90's Love,NCT U,영원한 것들이 있대,우린 쿨한 걸 좋아해,자 누가누가 핫 하대?,Y
NCT_0012,U_004,90's Love,NCT U,본 적 없는 시간의 의미,오렌지빛 압구정을 걸어,너도 느낀다면 Come and find me,Y
NCT_0013,U_004,90's Love,NCT U,길을 쓸고 다닌 스트릿,이젠 그냥 클래식,주머니는 헐렁했지,Y
NCT_0014,U_004,90's Love,NCT U,Tonight 새로운 그 충돌,파장은 번져가고 있어,커져가고 있어 Yeah,Y
NCT_0015,U_004,90's Love,NCT U,어쩌면 닿을 듯한,코스모를 느낀 거야 난,Let me show you 90's love,Y
NCT_0016,U_005,일곱 번째 감각,NCT U,차가운 세상 두 눈을 감고,침대에 누워 두 귀를 막고,어제가 오늘 오늘이 어제 때늦은 자책만 가득한 채,Y
NCT_0017,U_005,일곱 번째 감각,NCT U,같은 꿈 마치 날 부르는,익숙한 노래 마침내 연결돼,감싸주지 나를 Hate is on me,Y
NCT_0018,U_005,일곱 번째 감각,NCT U,반복되는 매일도 괜찮다고,깊은 어둠 위를 걸어,저 너머에 숨겨진 진짜를 봐,Y
NCT_0019,U_005,일곱 번째 감각,NCT U,버려지지 않는 미움과,나를 괴롭히는 꿈 이 꿈,저 시계는 나를 비웃듯 한 치 오차 없이 가,Y
NCT_0020,U_005,일곱 번째 감각,NCT U,어둡게 색칠 된 미래,허우적대 더 새까맣게,이 밤에 덧칠을 해 Woo Yeah,Y
NCT_0021,U_005,일곱 번째 감각,NCT U,같은 꿈 마치 날 부르는,익숙한 노래 You do,마침내 연결돼 You want,Y
NCT_0022,U_005,일곱 번째 감각,NCT U,Uh 여전히 어딘가로,이름 모를 지역에 난 이름 모를 Hall 로,몇 밤을 자도 편치 않은 어딘가에서도,Y
NCT_0023,U_005,일곱 번째 감각,NCT U,정신없이 휘둘리다 결국 눈을 감지,꿈과 지금 사이를 또 한번 의심하고 난,또 확인할 게 있어 바로 지금 너와 같이 Uh,Y
NCT_0024,U_005,일곱 번째 감각,NCT U,Oh 내 곁에 다가와 펼쳐진 밤,조금씩 가까워 지는 다른 꿈,이해가 돼 모두가 내 것처럼 다,Y
NCT_0025,U_006,Misfit,NCT U,I'm a misfit 맞는 Fit 자체가 없지,숨이 턱턱 막힌 옷을 입은 느낌,지겹지 고민 없이 그냥 Rip it,Y
NCT_0026,U_006,Misfit,NCT U,아무도 나를 막지 못해,우릴 억지로 똑같은 틀에 끼워 넣다간,부숴버릴지도 You dig?,Y
NCT_0027,U_006,Misfit,NCT U,적당히라는 법도,날 멈출 방법도,새 룰을 만들어 Right here,Y
NCT_0028,U_006,Misfit,NCT U,내가 얼마나 높이 조준을 하고 있는지,모르니 따분한 소릴 늘어놔,뻔한 소리뿐인 Plot,Y
NCT_0029,U_006,Misfit,NCT U,갈 길이 멀어 피드백은 No thanks,똑바로 걷기엔 전부 비스듬해,우린 다르게 보는 중이라 삐딱해,Y
NCT_0030,U_007,From Home,NCT U,내게 따듯한 집이 돼준 너,어제와 지금의 나,또 다가올 내일 우리,Y
NCT_0031,U_007,From Home,NCT U,I'm alive in the CT 날 노래해,이 조명 아래 서로를 바라보면,나도 몰래 웃게 돼 다 잊게 돼 Yeah,Y
NCT_0032,U_008,Universe,NCT U,My game 그건 운명이라 말하지,피어나는 미래를 느낀 거지,던져 봐 난 받아낼 수 있으니,Y
NCT_0033,U_008,Universe,NCT U,모든 것은 시작에 관한 얘기야,소란한 우주의 함성을 느껴봐,Hey when you hit the floor,Y
NCT_0034,U_008,Universe,NCT U,흠뻑 빠져 버리자,빛으로 채워줘 빛으로 채워줘,이 어둠 어디서도 네가 찬란히 보이게,Y
NCT_0035,U_008,Universe,NCT U,저 별은 내 우주를 가로질러,찰나 속으로 사라져 잠적해도,남은 빛은 머무르며 우릴 어루만져,Y
NCT_0036,U_009,Baby Don't Stop,NCT U,너를 처음 본 이후,모든 사소한 이유는,필요 없어진 feeling,Y
NCT_0037,U_009,Baby Don't Stop,NCT U,낯설고 미묘한,작은 떨림마저,전부 다 전해지네,Y
NCT_0038,U_009,Baby Don't Stop,NCT U,여부도 없이 시들던,꽃도 되살리는 불씨가 너라,감각에 몸을 맡겨 번져가는 눈빛에 의지해,Y
NCT_0039,U_010,WITHOUT YOU,NCT U,커버린 아이처럼 혼자된 나무처럼,외로워 지친 누군가의 세상을 봐.,바라고 바랬던걸 결국은 찾지 못해,Y
NCT_0040,U_010,WITHOUT YOU,NCT U,우린 외톨이로 태어나,좀 느린 나와 같이 걸어줄,누군가를 기다려,Y
NCT_0041,U_010,WITHOUT YOU,NCT U,내 손을 잡아 원을 그려,이만큼 나눠 가진 거잖아,내 온 마음이 네 곁에 네 꿈이 내 곁에,Y
NCT_0042,U_010,WITHOUT YOU,NCT U,산다는 거 견디는 거,함께라면 조금 더 행복해져,끝없이 연결돼 다시,Y
NCT_0043,U_010,WITHOUT YOU,NCT U,조류에 쓸려가듯 바다를 떠도는 듯,지쳐가지만 낙원은 보이지 않아,난 너의 따듯함이 필요해 괜찮다고 말해주잖아,Y
NCT_0044,U_010,WITHOUT YOU,NCT U,눈 감아도 난 온기로 느껴,한걸음 옆에 나란히 걸어준 동행인걸,위안을 주는 너 I'm with you,Y
NCT_0045,U_010,WITHOUT YOU,NCT U,내가 다시 살아갈 용기는 너니까,어깨를 내주며 공감할 너니까 믿을게,슬픔을 마주할 때면 한번 더,Y
NCT_0046,U_011,PADO,NCT U,느껴 본 적 없던 Flow ,뭔가 다른 Radio,본능적인 끌림에 너를 만난 건 Miracle,Y
NCT_0047,U_011,PADO,NCT U,잠잠했던 밤이 다시 숨을 쉬지,그 어떤 것도 네게선 고갤 들 수 없지,,Y
NCT_0048,U_011,PADO,NCT U,뭔가 좀 다른 Vibe 묘한 이 시간과,짜릿한 기분에 정신 못 차려 난,,Y
NCT_0049,U_011,PADO,NCT U,들뜬 이 호흡이 너만 찾아서 가,이건 처음인 걸 비상인 낮과 밤,,Y
NCT_0050,U_011,PADO,NCT U,정해진 규칙이 없는 Moving,예상할 수 없는 Play,머릿속에선 빠르게 너의 흐름 위로 발을 옮겨 가는데,Y
NCT_0051,U_011,PADO,NCT U,새로워진 기분에 Feel now,너로 인해 시작된 Wave ya babe,너라는 세상에 Dive,Y
NCT_0052,U_011,PADO,NCT U,갈수록 더 거친 Feeling 속에 Waving,멈출 맘은 없지 Keep in baby keep in,그냥 올라타 Waving now 너란 파도에 Satisfied,Y
NCT_0053,U_011,PADO,NCT U,내게는 없던 너라는 Spot,한순간에 거세지는 다름에 끌려,똑같던 하루 사이로 네가 가득히 채워지고,Y
NCT_0054,U_011,PADO,NCT U,너의 눈빛에 난 또 어질어질해,한결같던 내 Rhythm이 좀 이상해,이 맘은 너에게서 비롯돼 커진 Wave,Y
NCT_0055,U_012,Know Now,NCT U,자신 있게 외쳐 Cuz you Know Now,자유롭게 꿈꿔 Cuz you Know Now,원한다면 미쳐 Cuz you Know Now,Y
NCT_0056,U_012,Know Now,NCT U,혼자라는 맘에 갇히거나,외로움에 한숨을 내쉬거나,느려지는 발을 멈추지는 마,Y
NCT_0057,U_012,Know Now,NCT U,느려지는 발을 멈추지는 마,널 배에 태우고 떠날래 저 멀리,질릴 틈을 채워봐 남은 여백 I paint it,Y
NCT_0058,U_012,Know Now,NCT U,마주 잡은 손을 놓치거나,눈물 날 듯한 밤을 견디거나,길을 잃어 혼자 헤매지 마,Y
NCT_0059,I_001,Blingy,NCT 127,높이 나는 새도 Drop it,Back to back to back,끌어당겨 내 올가미,Y
NCT_0060,I_001,Blingy,NCT 127,Keep it classy,깊게 박힌 나의 심지,네 목소린 작은 불씨 더 크게 타오를 때,Y
NCT_0061,I_001,Blingy,NCT 127,밖으로 불러 모아 더,달궈진 판을 키워 더,열기로 태워 Like the sun,Y
NCT_0062,I_002,Legacy,NCT 127,도화선에 Raindrop,태양 빛을 깨워,한강 위를 감싸,Y
NCT_0063,I_002,Legacy,NCT 127,땅을 딛고 깨어나,초록빛을 따라,남산 위는 밝아,Y
NCT_0064,I_003,Piñata,NCT 127,Ready to pop off!,다 쏟아내 봐,느낌은 완전 Jackpot,Y
NCT_0065,I_003,Piñata,NCT 127,Like Piñata,셋을 세면 Strike,지금부터 Showtime,Y
NCT_0066,I_004,Getaway,NCT 127,지도에도 없는 Route,누구나 아는 쉬운 길은 전부 벗어나,낯설은 Avenue 기꺼이 헤매볼까,Y
NCT_0067,I_005,127 Million Miles,NCT 127,하나 분명한 건 둘이라서 난,Seven days a week 더 나은 사람이 되어가,매일이 행복할 순 없겠지만 이것만 약속할게,Y
NCT_0068,I_005,127 Million Miles,NCT 127,One을 그리고 나면 항상 그 끝엔 내가,Two 둘로 나눠져 있던 세상을 껴안아,Seven 일곱 개의 별들 사이 새겨진 빛을 따라가다 보면 그곳엔 네가 있어,Y
NCT_0069,I_006,흐린 기억 속의 그대 (You In Vague Memory),NCT 127,안개빛 조명은 흐트러진 내 몸을 감싸고,술에 취해 비틀거리는 Ha yeah,나의 모습 이제는 싫어,Y
NCT_0070,I_006,흐린 기억 속의 그대 (You In Vague Memory),NCT 127,뽀얀 담배 연기 화려한 차림 속에,거울로 비쳐오는 초라한 나의 모습,변화된 생활 속에 나만의 너는 너는 너는 잊혀져 가고,Y
NCT_0071,I_006,흐린 기억 속의 그대 (You In Vague Memory),NCT 127,돌아서버린 너였기에,멀어져 버린 너였기에,소중한 기억 속으로 접어들고 싶어,Y
NCT_0072,I_007,삐그덕 (Walk),NCT 127,난 삐그덕 삐그덕 걸음걸이 고장 나 버린 듯이 Walk,Don't care bout' a thang 난 내 기분대로 Walk,걸음걸이 고장 난 듯이 삐그덕,Y
NCT_0073,I_007,삐그덕 (Walk),NCT 127,누가 봐도 나처럼 난 걷지 On the beat,박자에 맞게 미끄러져 걸음이,좌우로 흔들리지 난 메트로놈의 침,Y
NCT_0074,I_007,삐그덕 (Walk),NCT 127,여름에도 떠는 Phone,고장 나 버려 난 삐용 삐용,비켜 내 앞에 끼지 말아 위험 위험,Y
NCT_0075,I_007,삐그덕 (Walk),NCT 127,더 다르게 더 걸어 걸어 Walk,발바닥이 더 뜨거워 더 뜨거워,누가 뭐라던 난 이대로 Walk 난 이대로 Walk 내 길은 매끄러워,Y
NCT_0076,I_008,No Clue,NCT 127,자기 전엔 매일 내 미래를 상상해,시간은 가끔씩 답답해질 정도로 Boring,욕심이 많은 게 왜 다 하고 싶었어 뭐든,Y
NCT_0077,I_008,No Clue,NCT 127,생각에 너무 매여 있지 마,"Shake it off, shake it shake it off","오늘을 즐겨 Celebrate, tonight",Y
NCT_0078,I_009,오렌지색 물감 (Orange Seoul),NCT 127,해가 지는 순간 Seoul City,그 오렌지색 밤,자 달리자고 Highway 섞여 저 석양에 스며들어가,Y
NCT_0079,I_009,오렌지색 물감 (Orange Seoul),NCT 127,Woah 하늘 반 땅 반,뻥 뚫린 창밖을,눈에 담을 틈이 없이 달렸는지도,Y
NCT_0080,I_009,오렌지색 물감 (Orange Seoul),NCT 127,빌딩 속 사이로 골인 Shoot 저 태양을 쏴,해가 저물어 한강 위로 띄워,오렌지색 물감,Y
NCT_0081,I_010,Pricey,NCT 127,쉽게 널 한 번 씹고,뱉어도 It's so bitter,"달콤한 사랑 끝에 Bad hurt, yeah",Y
NCT_0082,I_010,Pricey,NCT 127,밤이 깊어 와도,나만 무너져,Feed 속에 넌 참 좋아 보여,Y
NCT_0083,I_010,Pricey,NCT 127,She's so bad Baby do it like that,너는 괜찮은 게 I don't like it,대가는 오직 나만의 것,Y
NCT_0084,I_011,Time Capsule,NCT 127,이 수많은 밤이 오가고,모든 게 다 변해 간다 해도,지금 우린 이대로 늘 그대로 웃고 있죠,Y
NCT_0085,I_012,영화처럼 (Can't Help Myself),NCT 127,낯설던 우리 사이가 기억나 그땐 너무도 어려 몰라,얼마나 오랜 시간 쌓일지,이만큼 좋아하게 될지,Y
NCT_0086,I_012,영화처럼 (Can't Help Myself),NCT 127,Yeah 늦은 밤이라도 전화해 줄래,어떤 얘길 해도 난 웃을 텐데,매일 궁금한 너의 하루가 포근하게 녹아와 내 귓가에,Y
NCT_0087,I_012,영화처럼 (Can't Help Myself),NCT 127,영화처럼 기억이 지워져,혹은 싸우고 멀어져,다시 시작한대도 난 너밖에 몰라,Y
NCT_0088,I_012,영화처럼 (Can't Help Myself),NCT 127,넌 어디서 온 거니,이 큰 세상 둘이 만났다는 게,자꾸 웃음이 나와,Y
NCT_0089,I_012,영화처럼 (Can't Help Myself),NCT 127,네 마음이 당연한 게 아냐,매 순간 놀라울 뿐야,어떻게 말해야 할까 너뿐이란걸,Y
NCT_0090,I_013,Rain Drop,NCT 127,아까워하긴 이제 늦었어,혼잣말로 되뇌어,밤은 깊어 이미,Y
NCT_0091,I_013,Rain Drop,NCT 127,차가운데도 포근하게 Bout' bout' it,무표정으로 나른하게 Bout' bout' it,Got the top droppin',Y
NCT_0092,I_014,Gas,NCT 127,속도를 올려봐 더 I need more digits digits,계기판을 터뜨려 난 바늘이 다 휘지 휘지,Pedal to the metal 길을 내버려 쭉,Y
NCT_0093,I_014,Gas,NCT 127,Freeze 모두 얼어붙지 내 Stunt,휠이 곡선을 그려,도로 위로 그림 한 점,Y
NCT_0094,I_014,Gas,NCT 127,Baby let's go,High beams 눈부셔 Woah,여기저기 경고 Sticker,Y
NCT_0095,I_015,서서히 (Suddenly),NCT 127,예보 없이 만난 비처럼,갑작스레 내게 쏟아져,피할 틈도 없이 난 그저 너를 향해 가,Y
NCT_0096,I_015,서서히 (Suddenly),NCT 127,나를 비추는 너의 두 눈에 이대로 난 시간이 멈췄으면 해,너란 빗속에 멈춰 서게 돼,놓쳐버린 우산도 잊은 채,Y
NCT_0097,I_015,서서히 (Suddenly),NCT 127,너는 마치 내게 내린 소나기,어느 틈에 나를 전부 적시지,나의 눈을 가리는 빗방울 숨이 가득 차와도 너만 바라,Y
NCT_0098,I_015,서서히 (Suddenly),NCT 127,깊은 바닷속에 잠수한 듯,네 안에 가득 가득,잠겨 서서히,Y
NCT_0099,I_016,사랑한다는 말의 뜻을 알아가자 (Meaning of Love),NCT 127,사랑에 빠진 사람은 그저 있는 그대로 볼 수가 없어,그러니까 제발 내게도,너를 맘껏 편 들어줄 자유가 있어,Y
NCT_0100,I_016,사랑한다는 말의 뜻을 알아가자 (Meaning of Love),NCT 127,힘든 고백을 하자면,나도야 너보다,더 너에게 잘 보이고 싶어,Y
NCT_0101,I_016,사랑한다는 말의 뜻을 알아가자 (Meaning of Love),NCT 127,"가족과 남, 친구 사이, 너와 나 이름 모를 네가 있어",상관없어 초록 꽃 한 송이를 사,사랑한다는 말의 뜻을 알아가자,Y
NCT_0102,I_016,사랑한다는 말의 뜻을 알아가자 (Meaning of Love),NCT 127,너에게 지금 갈게,두 손에는 라임과 샴페인,넌 웃어버릴지도 몰라,Y
NCT_0103,I_017,Be There For Me,NCT 127,여긴 이미 제법 겨울이야,초록을 감춘 Roadside,아무도 눈이 온 걸 몰라,Y
NCT_0104,I_017,Be There For Me,NCT 127,uh 기다림은 많이 했어,맘이 가는 곳 그런 건 처음부터 너뿐인 걸,있잖아 혼자는 그만하고 싶어,Y
NCT_0105,I_017,Be There For Me,NCT 127,Are you down to ride?,새벽녘 별과 피어난 눈꽃이,흩날리는 곳에,Y
NCT_0106,I_017,Be There For Me,NCT 127,내게 달려와 포근히 안아,상상하는 그 길,Would you be there for me?,Y
NCT_0107,I_017,Be There For Me,NCT 127,서울은 지금 펑펑 눈이 와,네가 없음 차라리 추운 게 나아,Rock-a-bye baby 눈 뜰 때쯤엔 네 옆에 있을 테니,Y
NCT_0108,I_018,나 홀로 집에 (Home Alone),NCT 127,이 겨울에 난 Home alone,내 포근한 방에서,혼자 놀고 싶은 하루,Y
NCT_0109,I_018,나 홀로 집에 (Home Alone),NCT 127,창문 밖은 추운 걸,침대 위에 숨어서,겨울잠을 자고 싶어,Y
NCT_0110,I_018,나 홀로 집에 (Home Alone),NCT 127,Slide to the left,Slide to the right,이불 산을 쌓은 채 게으르고 싶은 날,Y
NCT_0111,I_019,하얀 거짓말 (White Lie),NCT 127,기나긴 고민의 밤들과,숨 가쁘게 지난 계절 사이,딱 한 걸음씩 내 마음이 늦어 버린 건지,Y
NCT_0112,I_019,하얀 거짓말 (White Lie),NCT 127,너는 아마 평생 모를 거야,나의 마음을,너를 평생 못 볼 자신도 없으니까는,Y
NCT_0113,I_019,하얀 거짓말 (White Lie),NCT 127,실은 나의 마음을,예전에 너의 주머니 속에,몰래 넣었다고,Y
NCT_0114,I_020,Fact Check (불가사의; 不可思議),NCT 127,Iconic move my motion,늘 뭔가 색다른 옷 전시해,"Soul, emotion Bad kid with a strong ego",Y
NCT_0115,I_020,Fact Check (불가사의; 不可思議),NCT 127,어떻게 봐도 늘 빛나는 Gem,깎아내려 봐,더 정교해질 뿐야 Babe,Y
NCT_0116,I_020,Fact Check (불가사의; 不可思議),NCT 127,한계 따위 없어 난,날 끝없이 새겨,새롭게 피워내,Y
NCT_0117,I_020,Fact Check (불가사의; 不可思議),NCT 127,Something different,모든 틀은 깨져,모든 시간 속에 우릴 숨 쉬게 할 테니까,Y
NCT_0118,I_020,Fact Check (불가사의; 不可思議),NCT 127,그리 놀랍지도 않게,내가 태우던 밤,내가 발화점,Y
NCT_0119,I_021,무중력 (Space),NCT 127,의도치 않았던 우연처럼,네가 내게 나타난 이후,내가 알았던 모든 세상은 한순간에 뒤바뀐 기분,Y
NCT_0120,I_021,무중력 (Space),NCT 127,신호를 보내 놓치지 않게,지금 알아내보려 해,아직 알 수 없는 감정의 널,Y
NCT_0121,I_021,무중력 (Space),NCT 127,낯선 나만의 우준,그새 내 전부가 되고,너의 세계 어느덧 내게 겹쳐질 때,Y
NCT_0122,I_021,무중력 (Space),NCT 127,비로소 깨닫게 돼,별과 별의 눈부신 Crash,시작된 너와 나의 Space,Y
NCT_0123,I_022,Parade (행진),NCT 127,You say start 전에 한 가지만 Check,제멋대로 즐길 태도,장착해야 해,Y
NCT_0124,I_022,Parade (행진),NCT 127,이건 우리들의 축제,하늘을 향해 반짝이는 함성들이,다 쏟아져 내리네,Y
NCT_0125,I_022,Parade (행진),NCT 127,꿈만 같은 이 순간 밤새도록 뛰어다녀,바람처럼 자유로워,지금 가장 우리다워,Y
NCT_0126,I_023,Angel Eyes,NCT 127,외로운 나의 낮 어두운 나의 밤,날 어루만져준 건 Na na na na nah,그건 햇살도 아니 달빛도 아니라 너였던걸,Y
NCT_0127,I_023,Angel Eyes,NCT 127,다가와 맞춘 Angel Eyes,그 눈 속에 날 비출 때,Ooh ooh ooh,Y
NCT_0128,I_023,Angel Eyes,NCT 127,내일이 보이지 않던 밤,짙은 그림자 속의 낮,날 밝혀준 단 한 사람,Y
NCT_0129,I_023,Angel Eyes,NCT 127,My delight 모든 낮과 밤,어둠 속에도,모든 걸 다 잊고 웃게 해,Y
NCT_0130,I_024,Yacht,NCT 127,시원해진 이 느낌 yeah,네 맘 가벼운 이끌림,어떤 방향키라도 Lovin' it,Y
NCT_0131,I_024,Yacht,NCT 127,꿈꿔왔던 Ocean view,펼쳐진 바다 위 uh,누가 닿지 않게 저 멀리,Y
NCT_0132,I_025,Je Ne Sais Quoi,NCT 127,따분한 도시의 Vibe,원하는 걸 알잖아 눈앞에 있잖아,놓지마 한 순간도 낯선 이 느낌에 놀란 너,Y
NCT_0133,I_026,Ay-Yo,NCT 127,Are u ready,닥쳐오는 파란 그 패러다임,경고 속에 영원했던 존재들의 반전,Y
NCT_0134,I_026,Ay-Yo,NCT 127,우리처럼 놀아,여기가 Valhalla 싫은 사람,Lay low 즐기는 놈인데 누가 내게 맞서 와,Y
NCT_0135,I_026,Ay-Yo,NCT 127,나는 끝내 걸어가,그 발자국 뒤에,재조차 남지 않게,Y
NCT_0136,I_026,Ay-Yo,NCT 127,쉬이 모두 덮어 버릴,시퍼런 밤이 오니,넌 절대 눈을 감되 잠들지 않기,Y
NCT_0137,I_026,Ay-Yo,NCT 127,손에 뭘 쥐었냐고 어디로 가냐고,따라와 봐 훔쳐봐,난 통과해 웜홀,Y
NCT_0138,I_027,Faster,NCT 127,Fast 올라타는 My seat,준비됐지 My team,터질 듯한 엔진 Highway,Y
NCT_0139,I_027,Faster,NCT 127,Fast 숨 막히는 열기,충돌할 듯 마치,끝이 없는 긴장 속에,Y
NCT_0140,I_028,질주 (2 Baddies),NCT 127,몰라 난 네가 뭐라는지,있는 그대로의 멋을 봐,Don and Manner,Y
NCT_0141,I_028,질주 (2 Baddies),NCT 127,위험한 생각에 맞서봐,이번엔 피하지 않아 난,Let's get away right now,Y
NCT_0142,I_028,질주 (2 Baddies),NCT 127,Show me baby what's your style,최고를 느껴본 다음,너의 세상은 달라질 거야,Y
NCT_0143,I_028,질주 (2 Baddies),NCT 127,더 위로가 점점 위로 가,널 잃지 마 끝까지 달려가,고민하지 마 불안할 뿐이야,Y
NCT_0144,I_028,질주 (2 Baddies),NCT 127,열린 도로 속에 하얗게,밝혀진 길이 여길 펼쳐 놔,가려진 세상에서 벗어나,Y
NCT_0145,I_029,DJ,NCT 127,밤의 두근거림 더 키워봐,어떤 장르도,모두 선물해 줄 수 있어 난,Y
NCT_0146,I_029,DJ,NCT 127,너를 위한 Harmony,맘을 녹일 Melody,Put some records on,Y
NCT_0147,I_029,DJ,NCT 127,맘의 작은 소리 더 들어봐,지친 하루도,내가 위로할 테니 잊어 봐,Y
NCT_0148,I_029,DJ,NCT 127,끝나지 않을 거야,밤이 남아 있는 한,Feelin' wonderful tonight,Y
NCT_0149,I_030,Designer,NCT 127,오감이 일렁여 나만이 느낀 Exclusive,넌 나의 감성 I love it my Designer,More than perfect 작은 취향마저 best on me,Y
NCT_0150,I_030,Designer,NCT 127,내 세상에 녹아든,이 감정은 Made by you,완벽한 우리 둘 Pattern,Y
NCT_0151,I_031,윤슬,NCT 127,잘 자 내 달빛 이리 와서 안겨 깊숙이,밤이 수 놓인 잔물결 위로 누워,아마 너는 모르지 얼마나 네 빛이 예쁜지,Y
NCT_0152,I_031,윤슬,NCT 127,널 만나기 전엔 그저 어두웠지,칠흑 같은 바다 밑을 본 적 있니,일렁이는 얼굴 표정 없는 매일,Y
NCT_0153,I_031,윤슬,NCT 127,그제야 눈치챘어 손에 물든 빛,별이 뜬 게 아냐 이건 너야,짙은 밤 내게 와서 너를 새기던 길,Y
NCT_0154,I_031,윤슬,NCT 127,시간이 멈춘 것 같았던 그 즈음,단번에 널 떠올리곤,이게 사랑일까 해,Y
NCT_0155,I_031,윤슬,NCT 127,왜일까 네게서 바다 향이,어젯밤 나에게 묻은 건지,코끝을 맴도네,Y
NCT_0156,I_031,윤슬,NCT 127,고요하던 물결이 요동치는 것을 봐,오직 널 향해 흘러,그 중력의 힘에 내 바다가 다 말라도,Y
NCT_0157,I_032,Favorite (Vampire),NCT 127,사랑해 또 사랑해,더 지독하게 아프고 싶어,이 운명 속에 거친 눈빛 존재 전부,Y
NCT_0158,I_032,Favorite (Vampire),NCT 127,눈물 쏟고 무너지고,열기 속에 입 맞추면,폭풍처럼 You're my Favorite,Y
NCT_0159,I_033,Sticker,NCT 127,난 더 환하게 널 만들어,두 세계 융화라는 거,지구 말로는 그거 L O V E ah,Y
NCT_0160,I_033,Sticker,NCT 127,네 맘이 시키는 대로 말해,뜻대로 움직여도 된다는 말이야,,Y
NCT_0161,I_033,Sticker,NCT 127,우리끼린 달달하게 팍 팍 Sugar,눈치 따윈 보지 말고,네가 Boss란 말이야,Y
NCT_0162,I_033,Sticker,NCT 127,골 아픈 세상은 신경 꺼,너와 나의 역사만 써 내려가,사랑한단 말 말곤 아껴 둬,Y
NCT_0163,I_034,Lemonade,NCT 127,제대로 건드렸어 You,또 뒤로 숨어서 넌 Typing,너무 쉽게 보여 Clue,Y
NCT_0164,I_034,Lemonade,NCT 127,Taste like Lemonade,휘저어 난 Hurricane,안 들려 네 목소리는 Noise,Y
NCT_0165,I_034,Lemonade,NCT 127,되고 싶겠지 Like me,질릴 때까지 Bite me,네가 아무리 Copy 해도 영원히 발 밑,Y
NCT_0166,I_035,Far,NCT 127,자꾸 떠본대도 내 답은 같을걸,그저 난 나아가지 나의 길을 개척해,여기 끝에 뭐가 있을지는 몰라도 멈출 수는 없어 Flow,Y
NCT_0167,I_035,Far,NCT 127,Can't stop me,Can't stop me,궤도를 다 뒤집어 Oh,Y
NCT_0168,I_035,Far,NCT 127,셋 둘 하나 세면 모든 소음 전부 사라져,온통 까마득한 칠흑 같은 밤,속도를 더 높여 빠져들어 가,Y
NCT_0169,I_036,Bring The Noize,NCT 127,우린 지나간다,어쩌라고 다들 너무 말이 많아 많아,여기저기 내 속도를 누구도 못 따라와,Y
NCT_0170,I_037,Magic Carpet Ride,NCT 127,온 세상이 더 깊이 잠들어,비밀스럽기 너무 좋은 이 밤,유난히 짙은 Jasmine 향기,Y
NCT_0171,I_037,Magic Carpet Ride,NCT 127,기적 같은 밤이 깃든,모든 게 이뤄지는 걸,Yeah 더 높은 하늘 위로,Y
NCT_0172,I_038,Punch,NCT 127,뭘 망설여 네 셔플은 느려,더 바짝 붙어 언제 깰래,Wake up,Y
NCT_0173,I_038,Punch,NCT 127,거칠었던 라운드 난 다음을 준비해,메말랐던 너의 영혼 적셔 줄 나이기에,매 순간 처음인 듯 일어날 나이길,Y
NCT_0174,I_039,NonStop,NCT 127,네가 원하는 건 많아,어쨌건 난 답을 알아,더욱 가까워진 찰나,Y
NCT_0175,I_039,NonStop,NCT 127,순간들이 있어 무너져 버릴 뻔한,너를 안았을까,그 때 멈춰 서 버렸다면,Y
NCT_0176,I_039,NonStop,NCT 127,넌 위험하고 날 뒤흔들어,감당 못할 이상향으로,이 절망과 환희조차 다 너를 위한 거라고,Y
NCT_0177,I_039,NonStop,NCT 127,시간도 공간도 운명까지,세상 끝에 무자비한 벽에,부딪혀 넘어져 머무르지 않게,Y
NCT_0178,I_039,NonStop,NCT 127,기다려 늦지 않아,달려가 너를 안을 테니까,NonStop 멈추지 않아,Y
NCT_0179,I_040,영웅 (英雄; Kick It),NCT 127,이 무대 위로 뜰 땐,난 앞으로 찔러 좌우 Bruce Lee,날아다녀 하루 종일 Bruce Lee,Y
NCT_0180,I_040,영웅 (英雄; Kick It),NCT 127,아무 생각 말고 너의 이야기대로 걸어,어두운 어제가 오늘을 삼켜 버리기 전에,내 목소린 더 퍼져야 해 소리치면 돼,Y
NCT_0181,I_040,영웅 (英雄; Kick It),NCT 127,눈앞에 펼쳐질 새로운 세상들,손안에 잡힐 듯 내 안으로 들어와,어둠 끝에 다시 난 새로 태어나,Y
NCT_0182,I_041,우산 (Love Song),NCT 127,너를 향해 기운 우산이,이렇게 때마침,참 작아서 다행이야,Y
NCT_0183,I_041,우산 (Love Song),NCT 127,Hoo 이런 건,예상하지 못한 상황이야,어깨가 닿은 이 순간,Y
NCT_0184,I_041,우산 (Love Song),NCT 127,너의 숨소리도 들려,이렇게 가까우니까,이대로 투명해진 채 시간이 멈췄으면 해 Yeah,Y
NCT_0185,I_041,우산 (Love Song),NCT 127,비는 질색인데 오늘 좀 좋아지려 해,아니 아직 그칠 생각은 말고,왼쪽 어깨는 흠뻑 적셔 놔도 돼,Y
NCT_0186,I_042,Dreams Come True,NCT 127,불안한 네 하루,다 눈이 부시게 바뀔 거야,꼭 지금 내 모습처럼,Y
NCT_0187,I_042,Dreams Come True,NCT 127,밤이 깊을수록 더 별은 빛나듯이,때론 보이지 않아도 느낄 수가 있지,분명 이 길 끝엔 찾던 답이 있을 테니,Y
NCT_0188,I_042,Dreams Come True,NCT 127,Uhm 지레 겁먹지 말기,모두 불완전해 네 탓하지 말기,행복한 상상을 매일 하기 제일 중요한 건 네 자신을 믿기,Y
NCT_0189,I_043,無限的我 (무한적아;Limitless),NCT 127,어젯밤 내 세계를 뒤 흔들었던 꿈이,악몽인지 혹은 나 아직 꿈 속인지,날 이끈 빛을 따라간 꿈 속 미로,Y
NCT_0190,I_043,無限的我 (무한적아;Limitless),NCT 127,Oh baby it's you,이제 시작이야 무한의 나,동의 처음과 서의 끝 쪽부터,Y
NCT_0191,I_043,無限的我 (무한적아;Limitless),NCT 127,점점 커져가 나의 노래가,봤니 뜨겁고 터질듯한 세계,들리니 우리는 하나가 돼,Y
NCT_0192,I_043,無限的我 (무한적아;Limitless),NCT 127,다들 꿈을 쫓았어 다 속은 채,대부분 자기만 진짜라고 해,혹은 숨어버려 등을 돌린 채,Y
NCT_0193,I_043,無限的我 (무한적아;Limitless),NCT 127,짧고 강렬했던 푸른 섬광,깨어난 일곱 번째 감각,하나는 둘이 되고 때론 백이 돼,Y
NCT_0194,I_043,無限的我 (무한적아;Limitless),NCT 127,자유로운 우리를 봐 자유로워,그 안에 오직 너만 허락된,내 마음을 가져가는 자 그게 너인데,Y
NCT_0195,I_044,Baby Don’t Like It (나쁜 짓),NCT 127,위험하게 넌 Beautiful,서서히 온 넌 My dilemma,습관처럼 이미 나는 없는 네 손 찾아,Y
NCT_0196,I_044,Baby Don’t Like It (나쁜 짓),NCT 127,무서운 건 바로 너의 말투야,소름 끼치는 건 네가 웃을 때야,주제와 주체가 전부 너야 Uh no,Y
NCT_0197,I_044,Baby Don’t Like It (나쁜 짓),NCT 127,당연히 너같이 위험한 여자를,겁내는 게 당연할지도 몰라,나 어쩌면 너에게 더 빠져들어 갈지도 몰라,Y
NCT_0198,I_044,Baby Don’t Like It (나쁜 짓),NCT 127,나를 보여줬으니 너도 보여줘,나를 안아줬으면 해,너 때문에 걸린 애정 결핍증은 어떡해,Y
NCT_0199,I_045,Back 2 U (AM 01:27),NCT 127,겨우 잠이 든 새벽 나를 깨우는 벨 소리,이젠 너무 익숙한,너의 전화를 받을까 말까,Y
NCT_0200,I_045,Back 2 U (AM 01:27),NCT 127,넌 화려함에 파묻히는 걸,넘쳐나는 문자와 이메일 속에서,나는 너를 밀쳐내려 해,Y
NCT_0201,I_045,Back 2 U (AM 01:27),NCT 127,이러지 마 흔들지 마,예전 같지 않아 너도 알잖아,너 이럴 때 마다 또 무너져 난,Y
NCT_0202,I_046,TOUCH,NCT 127,날 부른 네 목소리에 심장이 툭,언제부턴가 따라 해 난 네 말투,다 알아챌 수 있어 네 손 잡으면,Y
NCT_0203,I_046,TOUCH,NCT 127,Stay oh 너와 나 지금 이대로,Baby touch me 널 느낄 수 있어,찰나 같은 순간 그 안에서 더 커져가는,Y
NCT_0204,I_047,소방차 (Fire Truck),NCT 127,불을 지펴봐 이 열기를 식혀 줄게,불만이 가득 찬 곳 더 화끈하게,저 사이렌소리에 느끼는 내 기분은 음,Y
NCT_0205,I_047,소방차 (Fire Truck),NCT 127,애써 빼는 척은 곤란해,미지근한 분위기는 no thanks,흔들리는 내 달궈진 backseat,Y
NCT_0206,I_047,소방차 (Fire Truck),NCT 127,오늘밤 너와 나 모두 다 빠져들지,언제든 달려가,소방차 you can call me,Y
NCT_0207,I_047,소방차 (Fire Truck),NCT 127,몸을 움직여 Pick it up,리듬 느끼는 대로 넌 흔들어,뜨거워지는 순간 크게 소리쳐,Y
NCT_0208,I_047,소방차 (Fire Truck),NCT 127,Maximum으로 Turn it up,리듬에 맞춰 넌 흔들어,전율 느끼는 순간 크게 소리쳐,Y
NCT_0209,I_048,나의 모든 순간 (No Longer),NCT 127,너를 사랑하지 않는 그 사람이,가끔 부럽기도 했어,오늘 우는 너의 옆에서 꺼낸 말 겨우 괜찮아 괜찮아 다,Y
NCT_0210,I_048,나의 모든 순간 (No Longer),NCT 127,지금 너에게 달려가고 싶어,나의 모든 순간이,너를 원하고 있으니,Y
NCT_0211,I_048,나의 모든 순간 (No Longer),NCT 127,She no longer needs me,널 원할수록,내 현실은 무거워지고 있어,Y
NCT_0212,I_049,Simon Says,NCT 127,Hands up 뒤돌아,Hands up 흔들어,숨이 가득 차도 여기 법 계속 달려,Y
NCT_0213,I_049,Simon Says,NCT 127,꽉 막힌 차 사이로 길을 여는 Siren,니 맘에 그 체증을,밤새 뚫고 달려,Y
NCT_0214,I_049,Simon Says,NCT 127,눈을 뜨고 깨어나 이 순간,깊숙이 빠져들어가,현실과 꿈의 사이 진짜 널 찾는 그 순간,Y
NCT_0215,I_050,Summer 127,NCT 127,핸들에 몸을 맡겨 Baby,"저 바다로, 저 바다로, Let it go",선명히 날 깨우는 파도,Y
NCT_0216,I_050,Summer 127,NCT 127,볼륨을 올려줘 더 크게,너 땜에 설레는 맘 감추게,아무 말도 안 해도 괜찮아,Y
NCT_0217,I_050,Summer 127,NCT 127,아무도 모르게 멀리 떠나 볼래,뜨거운 바다로,"설레는 이 느낌, 널 찾은 난 Lucky",Y
NCT_0218,I_051,0 Mile,NCT 127,요즘 네가 듣는,음악을 따라 난,걸음걸이를 맞춰 가,Y
NCT_0219,I_051,0 Mile,NCT 127,손 끝 하나로도,너와 나 하나 되는 걸 느껴,연결고리 둘의 비밀,Y
NCT_0220,I_051,0 Mile,NCT 127,손 끝 하나로도,난 지구 반대편 너에게 끌려,더 가까이 좁혀 우리 거리,Y
NCT_0221,I_052,Highway to Heaven,NCT 127,네 맘이 Callin' callin' 날 부르면,I'll be there,난 이미 Runnin' Runnin' 너에게로,Y
NCT_0222,I_052,Highway to Heaven,NCT 127,We'll take the highway to heaven,언제 어디서나 널 느껴,너와 난 Highway to heaven 함께 있는 이곳이 천국인 걸,Y
NCT_0223,I_053,시차 (Jet Lag),NCT 127,안녕 좋은 아침이야,어젯밤 잠은 잘 잤니,내 하루도 괜찮았지,Y
NCT_0224,I_053,시차 (Jet Lag),NCT 127,여긴 별이 잘 안 보여,너 있는 곳은 좀 어때,화창하면 좋을 텐데,Y
NCT_0225,I_053,시차 (Jet Lag),NCT 127,요즘 난 잠에 들기 전부터,너라는 꿈을 꾸는 것 같아,,Y
NCT_0226,I_054,Regular (Korean Ver.),NCT 127,우린 Won을 쫓지 않아,Be the one one one,Yeah 셀 수 없는 밤 난 주인공이 돼,Y
NCT_0227,I_055,Cherry Bomb,NCT 127,쉽게 보다가는 큰일 나,이미 넌 빠져들어 가,팽창하는 지금 폭발 직전인 기분,Y
NCT_0228,I_055,Cherry Bomb,NCT 127,끝이 어디인지,어디까지 갈 수 있는지,이제 시작해 just the half of it,Y
NCT_0229,I_055,Cherry Bomb,NCT 127,떠들기 바쁜 세상 속에,갇혀 헤매고 싶지는 않아,단 한번의 불꽃으로 내 전불 태워,Y
NCT_0230,I_056,Whiplash,NCT 127,이 순간에 All stop,온 몸이 다 반응을 해 빠르게,달콤한 너의 말보단 솔직한 게 필요해,Y
NCT_0231,I_056,Whiplash,NCT 127,솔직하게 말해줘 네 맘 그대로,달콤한 캔디보다 쓴 커피 원해,듣기에 좋은 말들은 잠시뿐,Y
NCT_0232,I_057,롤러코스터 (Heartbreaker),NCT 127,이랬다 저랬다,정말 알 수 없는 널,온종일 공부해도 난 어려워,Y
NCT_0233,I_057,롤러코스터 (Heartbreaker),NCT 127,이상하지 나는 불안해도 널 놓치긴 싫어,아파도 좋아 익숙한 듯,너에게 내 전부를 맡겨,Y
NCT_0234,I_057,롤러코스터 (Heartbreaker),NCT 127,Heartbreaker,넌 알면 알수록 더,이해 할 수 없는 걸,Y
NCT_0235,I_057,롤러코스터 (Heartbreaker),NCT 127,Heartbreaker,긴장이 풀린 순간,내 눈 앞에 없는 너,Y
NCT_0236,I_057,롤러코스터 (Heartbreaker),NCT 127,잡힐 듯 놓칠 듯 끝없는 장난에,심장이 터질 것만 같지 난 왠지,,Y
NCT_0237,I_057,롤러코스터 (Heartbreaker),NCT 127,Heartbreaker,어디로 튈지 몰라,알 수 없는 너의 마음 네가 좋아져,Y
NCT_0238,D_001,Beat It Up,NCT DREAM,Show you how we Beat It Up,Show you how we Beat It Up,끌어 올려 폼 우린 Challenger,Y
NCT_0239,D_001,Beat It Up,NCT DREAM,시작 In and out,범벅 땀 Get a towel,일으켜 Make it pow,Y
NCT_0240,D_002,BTTF,NCT DREAM,경고음 미친 듯이 내 귓속을 쏴,번개 치는 써킷 위의 Spark,초월한 듯 뒤섞인 Space time,Y
NCT_0241,D_002,BTTF,NCT DREAM,시간을 시간을 뚫어내 난 왔어,오래된 아니,맨 처음 느낀 듯한 Moment,Y
NCT_0242,D_002,BTTF,NCT DREAM,난 알아 저 눈빛을 가진 소년,네게 말을 걸어볼까,상상 못 할 얘길 해 볼까,Y
NCT_0243,D_003,CHILLER,NCT DREAM,시간은 내 편인 거네,Jam jam 마이클처럼 다 문 워킹,Come on dance dance,Y
NCT_0244,D_003,CHILLER,NCT DREAM,너무 Super 한 놈이라 말이 많아,너는 홀린 채,나만 따라올 거야,Y
NCT_0245,,,,,,,
NCT_0246,,,,,,,
NCT_0247,,,,,,,
NCT_0248,,,,,,,
NCT_0249,,,,,,,
NCT_0250,,,,,,,
NCT_0251,,,,,,,
NCT_0252,,,,,,,
NCT_0253,,,,,,,
NCT_0254,,,,,,,
NCT_0255,,,,,,,
NCT_0256,,,,,,,
NCT_0257,,,,,,,
NCT_0258,,,,,,,
NCT_0259,,,,,,,
NCT_0260,,,,,,,
NCT_0261,,,,,,,
NCT_0262,,,,,,,
NCT_0263,,,,,,,
NCT_0264,,,,,,,
NCT_0265,,,,,,,
NCT_0266,,,,,,,
NCT_0267,,,,,,,
NCT_0268,,,,,,,
NCT_0269,,,,,,,
NCT_0270,,,,,,,
NCT_0271,,,,,,,
NCT_0272,,,,,,,
NCT_0273,,,,,,,
NCT_0274,,,,,,,
NCT_0275,,,,,,,
NCT_0276,,,,,,,
NCT_0277,,,,,,,
NCT_0278,,,,,,,
NCT_0279,,,,,,,
NCT_0280,,,,,,,
NCT_0281,,,,,,,
NCT_0282,,,,,,,
NCT_0283,,,,,,,
NCT_0284,,,,,,,
NCT_0285,,,,,,,
NCT_0286,,,,,,,
NCT_0287,,,,,,,
NCT_0288,,,,,,,
NCT_0289,,,,,,,
NCT_0290,,,,,,,
NCT_0291,,,,,,,
NCT_0292,,,,,,,
NCT_0293,,,,,,,
NCT_0294,,,,,,,
NCT_0295,,,,,,,
NCT_0296,,,,,,,
NCT_0297,,,,,,,
NCT_0298,,,,,,,
NCT_0299,,,,,,,